,state,county,year,urate,medhous
0,Colorado,Denver,2000,3.0083333333333333,41657.0
1,Colorado,El Paso,2000,2.8916666666666666,48991.0
2,Colorado,Arapahoe,2000,2.4,55359.0
3,Colorado,Jefferson,2000,2.35,60357.0
4,Colorado,Adams,2000,2.75,48307.0
5,Colorado,Larimer,2000,2.466666666666667,49758.0
6,Colorado,Douglas,2000,7.4416666666666655,91210.0
7,Colorado,Boulder,2000,2.375,58601.0
8,Colorado,Weid,2000,2.683333333333333,42555.0
9,Colorado,Pueblo,2000,3.9083333333333328,33673.0
10,Colorado,Mesa,2000,3.291666666666667,37138.0
11,Colorado,Broomfield,2000,2.3833333333333333,
12,Idaho,Ada,2000,3.375,48285.0
13,Idaho,Canyon,2000,4.5,37030.0
14,Idaho,Kootenai,2000,6.316666666666666,43324.0
15,Idaho,Bonneville,2000,3.4,37274.0
16,Idaho,Bannock,2000,4.616666666666666,35455.0
17,Idaho,Twin Falls,2000,4.191666666666666,37355.0
18,Idaho,Bingham,2000,4.391666666666667,33733.0
19,Idaho,Bonner,2000,7.666666666666665,37590.0
20,Idaho,Nez Perce,2000,5.2,34883.0
21,Idaho,Latah,2000,4.241666666666666,33875.0
22,Idaho,Madison,2000,3.525,39415.0
23,Idaho,Jefferson,2000,3.7,36516.0
24,Kansas,Johnson,2000,2.975,66796.0
25,Kansas,Sedgwick,2000,6.258333333333333,44145.0
26,Kansas,Shawnee,2000,4.2,41873.0
27,Kansas,Wyandotte,2000,4.025,33071.0
28,Kansas,Douglas,2000,2.825,39183.0
29,Kansas,Leavenworth,2000,4.141666666666667,48525.0
30,Kansas,Riley,2000,2.9916666666666667,33812.0
31,Kansas,Butler,2000,4.1,48336.0
32,Kansas,Reno,2000,3.858333333333333,36939.0
33,Kansas,Saline,2000,3.1,39371.0
34,Kansas,Crawford,2000,4.5,30576.0
35,Kansas,Finney,2000,2.65,39585.0
36,Oregon,Multnomah,2000,4.7333333333333325,43153.0
37,Oregon,Washington,2000,3.925,55139.0
38,Oregon,Clackamas,2000,4.1083333333333325,52670.0
39,Oregon,Lane,2000,5.458333333333333,37893.0
40,Oregon,Marion,2000,5.6,40963.0
41,Oregon,Jackson,2000,5.683333333333333,37081.0
42,Oregon,Deschutes,2000,5.425,42712.0
43,Oregon,Linn,2000,6.666666666666666,37790.0
44,Oregon,Douglas,2000,7.4416666666666655,34196.0
45,Oregon,Yamhill,2000,5.0,45107.0
46,Oregon,Benton,2000,3.9333333333333327,44113.0
47,Oregon,Josephine,2000,7.083333333333333,31479.0
48,South Carolina,Greenville,2000,2.691666666666667,42544.0
49,South Carolina,Richland,2000,3.333333333333333,40999.0
50,South Carolina,Charleston,2000,3.316666666666667,39815.0
51,South Carolina,Horry,2000,3.7,36317.0
52,South Carolina,Spartanburg,2000,3.633333333333333,38616.0
53,South Carolina,Lexington,2000,2.7,45821.0
54,South Carolina,York,2000,3.283333333333333,44750.0
55,South Carolina,Berkeley,2000,3.3,40309.0
56,South Carolina,Anderson,2000,3.15,37971.0
57,South Carolina,Beaufort,2000,3.191666666666667,46486.0
58,South Carolina,Aiken,2000,3.875,38913.0
59,South Carolina,Dorchester,2000,3.066666666666667,42756.0
60,Washington,King,2000,3.8416666666666663,55158.0
61,Washington,Pierce,2000,5.375,46222.0
62,Washington,Snohomish,2000,4.266666666666667,52654.0
63,Washington,Spokane,2000,5.55,38172.0
64,Washington,Clark,2000,5.116666666666666,49569.0
65,Washington,Thurston,2000,4.9,48347.0
66,Washington,Kitsap,2000,5.433333333333333,48136.0
67,Washington,Yakima,2000,8.283333333333333,34781.0
68,Washington,Whatcom,2000,5.516666666666667,41207.0
69,Washington,Benton,2000,5.333333333333333,48399.0
70,Washington,Skagit,2000,6.25,43136.0
71,Washington,Cowlitz,2000,6.8,40457.0
72,Colorado,Denver,2001,4.425,40709.0
73,Colorado,El Paso,2001,4.216666666666667,48583.0
74,Colorado,Arapahoe,2001,3.7,55878.0
75,Colorado,Jefferson,2001,3.466666666666667,60297.0
76,Colorado,Adams,2001,4.033333333333333,46996.0
77,Colorado,Larimer,2001,3.191666666666667,49168.0
78,Colorado,Douglas,2001,8.35,93316.0
79,Colorado,Boulder,2001,3.6833333333333327,57079.0
80,Colorado,Weid,2001,3.45,42849.0
81,Colorado,Pueblo,2001,5.166666666666666,32663.0
82,Colorado,Mesa,2001,3.85,36315.0
83,Colorado,Broomfield,2001,3.633333333333333,65302.0
84,Idaho,Ada,2001,3.858333333333333,47930.0
85,Idaho,Canyon,2001,5.2,36427.0
86,Idaho,Kootenai,2001,7.1,43015.0
87,Idaho,Bonneville,2001,3.6,37028.0
88,Idaho,Bannock,2001,4.958333333333333,34738.0
89,Idaho,Twin Falls,2001,4.266666666666667,36620.0
90,Idaho,Bingham,2001,4.758333333333333,33005.0
91,Idaho,Bonner,2001,7.966666666666666,36447.0
92,Idaho,Nez Perce,2001,5.416666666666666,33934.0
93,Idaho,Latah,2001,4.391666666666667,32346.0
94,Idaho,Madison,2001,3.216666666666667,39069.0
95,Idaho,Jefferson,2001,3.9,35641.0
96,Kansas,Johnson,2001,3.8083333333333327,66665.0
97,Kansas,Sedgwick,2001,7.466666666666666,43665.0
98,Kansas,Shawnee,2001,4.1,41282.0
99,Kansas,Wyandotte,2001,4.191666666666666,32502.0
100,Kansas,Douglas,2001,3.2666666666666666,38916.0
101,Kansas,Leavenworth,2001,5.15,48749.0
102,Kansas,Riley,2001,3.2666666666666666,33590.0
103,Kansas,Butler,2001,4.0,47719.0
104,Kansas,Reno,2001,4.525,35980.0
105,Kansas,Saline,2001,3.7416666666666663,38436.0
106,Kansas,Crawford,2001,5.1,29840.0
107,Kansas,Finney,2001,7.125,38240.0
108,Oregon,Multnomah,2001,6.2333333333333325,42422.0
109,Oregon,Washington,2001,5.408333333333333,54444.0
110,Oregon,Clackamas,2001,5.225,52640.0
111,Oregon,Lane,2001,6.775,36776.0
112,Oregon,Marion,2001,6.383333333333333,39561.0
113,Oregon,Jackson,2001,6.533333333333333,35688.0
114,Oregon,Deschutes,2001,6.416666666666666,41940.0
115,Oregon,Linn,2001,7.625,37072.0
116,Oregon,Douglas,2001,8.35,33105.0
117,Oregon,Yamhill,2001,6.1,43532.0
118,Oregon,Benton,2001,4.433333333333333,43830.0
119,Oregon,Josephine,2001,8.316666666666666,30237.0
120,South Carolina,Greenville,2001,3.8333333333333326,41996.0
121,South Carolina,Richland,2001,4.225,40034.0
122,South Carolina,Charleston,2001,4.216666666666667,38610.0
123,South Carolina,Horry,2001,5.033333333333333,34923.0
124,South Carolina,Spartanburg,2001,5.466666666666667,37229.0
125,South Carolina,Lexington,2001,3.6,45147.0
126,South Carolina,York,2001,4.891666666666667,44019.0
127,South Carolina,Berkeley,2001,4.466666666666667,39475.0
128,South Carolina,Anderson,2001,5.441666666666666,37281.0
129,South Carolina,Beaufort,2001,3.9333333333333327,45469.0
130,South Carolina,Aiken,2001,5.058333333333333,38086.0
131,South Carolina,Dorchester,2001,4.175,42082.0
132,Washington,King,2001,4.575,53982.0
133,Washington,Pierce,2001,6.525,45337.0
134,Washington,Snohomish,2001,4.775,51841.0
135,Washington,Spokane,2001,6.583333333333333,37348.0
136,Washington,Clark,2001,6.808333333333333,48299.0
137,Washington,Thurston,2001,5.766666666666667,47812.0
138,Washington,Kitsap,2001,6.016666666666667,47992.0
139,Washington,Yakima,2001,9.591666666666665,33633.0
140,Washington,Whatcom,2001,6.516666666666667,40185.0
141,Washington,Benton,2001,5.766666666666667,48034.0
142,Washington,Skagit,2001,7.175,42185.0
143,Washington,Cowlitz,2001,9.433333333333332,39061.0
144,Colorado,Denver,2002,6.741666666666666,40082.0
145,Colorado,El Paso,2002,6.141666666666667,48626.0
146,Colorado,Arapahoe,2002,5.8,55188.0
147,Colorado,Jefferson,2002,5.425,59903.0
148,Colorado,Adams,2002,6.258333333333333,46876.0
149,Colorado,Larimer,2002,4.716666666666667,49638.0
150,Colorado,Douglas,2002,8.775,93927.0
151,Colorado,Boulder,2002,5.758333333333333,55810.0
152,Colorado,Weid,2002,5.241666666666666,43476.0
153,Colorado,Pueblo,2002,7.125,33269.0
154,Colorado,Mesa,2002,4.958333333333333,37053.0
155,Colorado,Broomfield,2002,5.791666666666666,65155.0
156,Idaho,Ada,2002,4.791666666666666,47947.0
157,Idaho,Canyon,2002,6.3,36763.0
158,Idaho,Kootenai,2002,7.291666666666665,43636.0
159,Idaho,Bonneville,2002,3.8,37419.0
160,Idaho,Bannock,2002,5.975,35158.0
161,Idaho,Twin Falls,2002,4.4,37716.0
162,Idaho,Bingham,2002,4.683333333333333,33367.0
163,Idaho,Bonner,2002,8.183333333333334,36742.0
164,Idaho,Nez Perce,2002,5.3583333333333325,34518.0
165,Idaho,Latah,2002,4.725,32136.0
166,Idaho,Madison,2002,3.1333333333333333,40119.0
167,Idaho,Jefferson,2002,4.1,35789.0
168,Kansas,Johnson,2002,4.766666666666667,66974.0
169,Kansas,Sedgwick,2002,9.408333333333331,43663.0
170,Kansas,Shawnee,2002,5.9,41624.0
171,Kansas,Wyandotte,2002,4.591666666666667,32465.0
172,Kansas,Douglas,2002,3.825,38936.0
173,Kansas,Leavenworth,2002,5.891666666666667,50083.0
174,Kansas,Riley,2002,3.475,33452.0
175,Kansas,Butler,2002,5.7,47877.0
176,Kansas,Reno,2002,4.666666666666666,35683.0
177,Kansas,Saline,2002,4.066666666666666,38358.0
178,Kansas,Crawford,2002,5.2,29865.0
179,Kansas,Finney,2002,3.8166666666666664,37149.0
180,Oregon,Multnomah,2002,7.975,41553.0
181,Oregon,Washington,2002,6.833333333333333,53891.0
182,Oregon,Clackamas,2002,6.85,52550.0
183,Oregon,Lane,2002,7.058333333333333,36459.0
184,Oregon,Marion,2002,7.216666666666666,39600.0
185,Oregon,Jackson,2002,7.4,35788.0
186,Oregon,Deschutes,2002,7.683333333333333,42860.0
187,Oregon,Linn,2002,8.941666666666666,37684.0
188,Oregon,Douglas,2002,8.775,33732.0
189,Oregon,Yamhill,2002,7.3,43449.0
190,Oregon,Benton,2002,5.25,43613.0
191,Oregon,Josephine,2002,8.708333333333332,30538.0
192,South Carolina,Greenville,2002,5.258333333333333,41658.0
193,South Carolina,Richland,2002,5.133333333333333,39587.0
194,South Carolina,Charleston,2002,5.016666666666667,38458.0
195,South Carolina,Horry,2002,5.641666666666667,34654.0
196,South Carolina,Spartanburg,2002,7.275,37092.0
197,South Carolina,Lexington,2002,4.3,45140.0
198,South Carolina,York,2002,7.025,44619.0
199,South Carolina,Berkeley,2002,4.833333333333333,40161.0
200,South Carolina,Anderson,2002,6.841666666666667,37205.0
201,South Carolina,Beaufort,2002,4.55,45822.0
202,South Carolina,Aiken,2002,5.45,38534.0
203,South Carolina,Dorchester,2002,4.683333333333333,42886.0
204,Washington,King,2002,5.716666666666667,53644.0
205,Washington,Pierce,2002,7.9,46791.0
206,Washington,Snohomish,2002,6.591666666666667,52083.0
207,Washington,Spokane,2002,7.541666666666665,38552.0
208,Washington,Clark,2002,9.033333333333331,49040.0
209,Washington,Thurston,2002,6.375,49510.0
210,Washington,Kitsap,2002,6.633333333333333,49870.0
211,Washington,Yakima,2002,9.60833333333333,34022.0
212,Washington,Whatcom,2002,6.808333333333333,40533.0
213,Washington,Benton,2002,6.158333333333333,50288.0
214,Washington,Skagit,2002,8.141666666666666,43144.0
215,Washington,Cowlitz,2002,10.508333333333333,39410.0
216,Colorado,Denver,2003,7.216666666666666,41036.0
217,Colorado,El Paso,2003,6.25,49292.0
218,Colorado,Arapahoe,2003,6.2,55907.0
219,Colorado,Jefferson,2003,5.875,58851.0
220,Colorado,Adams,2003,7.141666666666667,48633.0
221,Colorado,Larimer,2003,5.083333333333333,50275.0
222,Colorado,Douglas,2003,9.70833333333333,93013.0
223,Colorado,Boulder,2003,5.741666666666666,57112.0
224,Colorado,Weid,2003,5.9,44756.0
225,Colorado,Pueblo,2003,7.475,35130.0
226,Colorado,Mesa,2003,5.566666666666666,38129.0
227,Colorado,Broomfield,2003,6.366666666666666,64005.0
228,Idaho,Ada,2003,4.816666666666666,49512.0
229,Idaho,Canyon,2003,6.4,37701.0
230,Idaho,Kootenai,2003,6.7333333333333325,45263.0
231,Idaho,Bonneville,2003,3.7,38462.0
232,Idaho,Bannock,2003,5.25,36415.0
233,Idaho,Twin Falls,2003,4.4833333333333325,37992.0
234,Idaho,Bingham,2003,4.666666666666666,34362.0
235,Idaho,Bonner,2003,7.7333333333333325,37151.0
236,Idaho,Nez Perce,2003,5.4,35639.0
237,Idaho,Latah,2003,4.658333333333333,32448.0
238,Idaho,Madison,2003,3.05,41522.0
239,Idaho,Jefferson,2003,3.9,36748.0
240,Kansas,Johnson,2003,5.15,66783.0
241,Kansas,Sedgwick,2003,10.9,43940.0
242,Kansas,Shawnee,2003,6.8,42543.0
243,Kansas,Wyandotte,2003,5.25,32995.0
244,Kansas,Douglas,2003,3.9166666666666665,39000.0
245,Kansas,Leavenworth,2003,6.191666666666666,50755.0
246,Kansas,Riley,2003,3.541666666666667,33399.0
247,Kansas,Butler,2003,6.2,48208.0
248,Kansas,Reno,2003,5.2,35978.0
249,Kansas,Saline,2003,4.6,38325.0
250,Kansas,Crawford,2003,5.6,30858.0
251,Kansas,Finney,2003,3.733333333333333,37262.0
252,Oregon,Multnomah,2003,8.333333333333332,41781.0
253,Oregon,Washington,2003,7.266666666666666,54184.0
254,Oregon,Clackamas,2003,7.408333333333333,52367.0
255,Oregon,Lane,2003,7.9,36685.0
256,Oregon,Marion,2003,7.866666666666665,39470.0
257,Oregon,Jackson,2003,7.6083333333333325,36737.0
258,Oregon,Deschutes,2003,7.683333333333333,44154.0
259,Oregon,Linn,2003,9.941666666666666,38449.0
260,Oregon,Douglas,2003,9.70833333333333,34500.0
261,Oregon,Yamhill,2003,8.0,43663.0
262,Oregon,Benton,2003,5.725,43674.0
263,Oregon,Josephine,2003,8.908333333333333,31578.0
264,South Carolina,Greenville,2003,5.9,42081.0
265,South Carolina,Richland,2003,6.058333333333333,39811.0
266,South Carolina,Charleston,2003,5.658333333333333,39319.0
267,South Carolina,Horry,2003,6.141666666666667,35630.0
268,South Carolina,Spartanburg,2003,7.725,38172.0
269,South Carolina,Lexington,2003,4.9,45803.0
270,South Carolina,York,2003,7.908333333333333,45698.0
271,South Carolina,Berkeley,2003,5.825,42058.0
272,South Carolina,Anderson,2003,7.641666666666666,38355.0
273,South Carolina,Beaufort,2003,5.116666666666666,46669.0
274,South Carolina,Aiken,2003,5.575,39360.0
275,South Carolina,Dorchester,2003,5.441666666666666,44564.0
276,Washington,King,2003,5.758333333333333,53541.0
277,Washington,Pierce,2003,8.166666666666666,48205.0
278,Washington,Snohomish,2003,6.641666666666667,52907.0
279,Washington,Spokane,2003,7.533333333333333,39874.0
280,Washington,Clark,2003,9.566666666666666,50312.0
281,Washington,Thurston,2003,6.491666666666666,50808.0
282,Washington,Kitsap,2003,6.716666666666667,51127.0
283,Washington,Yakima,2003,9.641666666666666,34780.0
284,Washington,Whatcom,2003,6.75,41971.0
285,Washington,Benton,2003,6.875,51753.0
286,Washington,Skagit,2003,8.158333333333333,44636.0
287,Washington,Cowlitz,2003,9.941666666666666,40464.0
288,Colorado,Denver,2004,6.583333333333333,41767.0
289,Colorado,El Paso,2004,5.741666666666666,50312.0
290,Colorado,Arapahoe,2004,5.6,55615.0
291,Colorado,Jefferson,2004,5.391666666666667,59060.0
292,Colorado,Adams,2004,6.491666666666666,50229.0
293,Colorado,Larimer,2004,4.675,50911.0
294,Colorado,Douglas,2004,9.35,94658.0
295,Colorado,Boulder,2004,4.916666666666666,57908.0
296,Colorado,Weid,2004,5.691666666666666,46241.0
297,Colorado,Pueblo,2004,7.466666666666666,35693.0
298,Colorado,Mesa,2004,5.466666666666667,40045.0
299,Colorado,Broomfield,2004,5.766666666666667,65375.0
300,Idaho,Ada,2004,4.016666666666667,50754.0
301,Idaho,Canyon,2004,5.6,39433.0
302,Idaho,Kootenai,2004,5.775,46709.0
303,Idaho,Bonneville,2004,3.4,38943.0
304,Idaho,Bannock,2004,4.675,36891.0
305,Idaho,Twin Falls,2004,4.4,38966.0
306,Idaho,Bingham,2004,4.433333333333333,35852.0
307,Idaho,Bonner,2004,6.1083333333333325,38526.0
308,Idaho,Nez Perce,2004,4.808333333333333,36346.0
309,Idaho,Latah,2004,3.8416666666666663,32569.0
310,Idaho,Madison,2004,3.058333333333333,42895.0
311,Idaho,Jefferson,2004,3.8,37148.0
312,Kansas,Johnson,2004,5.016666666666667,68013.0
313,Kansas,Sedgwick,2004,9.325,44800.0
314,Kansas,Shawnee,2004,6.2,43705.0
315,Kansas,Wyandotte,2004,6.116666666666666,33266.0
316,Kansas,Douglas,2004,4.208333333333333,39796.0
317,Kansas,Leavenworth,2004,6.441666666666666,51459.0
318,Kansas,Riley,2004,4.008333333333333,34177.0
319,Kansas,Butler,2004,6.1,49599.0
320,Kansas,Reno,2004,5.316666666666666,37072.0
321,Kansas,Saline,2004,4.8583333333333325,39216.0
322,Kansas,Crawford,2004,6.2,31661.0
323,Kansas,Finney,2004,4.225,37390.0
324,Oregon,Multnomah,2004,7.475,42334.0
325,Oregon,Washington,2004,6.241666666666666,55933.0
326,Oregon,Clackamas,2004,6.716666666666667,53150.0
327,Oregon,Lane,2004,7.325,37905.0
328,Oregon,Marion,2004,7.6083333333333325,40702.0
329,Oregon,Jackson,2004,7.2,38481.0
330,Oregon,Deschutes,2004,6.866666666666666,45894.0
331,Oregon,Linn,2004,9.183333333333332,39910.0
332,Oregon,Douglas,2004,9.35,36041.0
333,Oregon,Yamhill,2004,7.3,45469.0
334,Oregon,Benton,2004,5.466666666666667,45247.0
335,Oregon,Josephine,2004,8.35,32786.0
336,South Carolina,Greenville,2004,6.408333333333333,42439.0
337,South Carolina,Richland,2004,6.55,40025.0
338,South Carolina,Charleston,2004,5.9,39962.0
339,South Carolina,Horry,2004,6.5,36857.0
340,South Carolina,Spartanburg,2004,8.233333333333333,39501.0
341,South Carolina,Lexington,2004,5.3,46517.0
342,South Carolina,York,2004,7.883333333333333,47351.0
343,South Carolina,Berkeley,2004,6.033333333333333,43545.0
344,South Carolina,Anderson,2004,7.775,38667.0
345,South Carolina,Beaufort,2004,5.408333333333333,48577.0
346,South Carolina,Aiken,2004,6.183333333333333,40052.0
347,South Carolina,Dorchester,2004,5.533333333333333,47124.0
348,Washington,King,2004,4.925,55969.0
349,Washington,Pierce,2004,7.25,49790.0
350,Washington,Snohomish,2004,5.508333333333333,54584.0
351,Washington,Spokane,2004,6.808333333333333,40526.0
352,Washington,Clark,2004,7.7333333333333325,52120.0
353,Washington,Thurston,2004,5.9833333333333325,52078.0
354,Washington,Kitsap,2004,6.008333333333333,52503.0
355,Washington,Yakima,2004,8.908333333333333,35787.0
356,Washington,Whatcom,2004,6.075,44034.0
357,Washington,Benton,2004,6.225,52922.0
358,Washington,Skagit,2004,7.2333333333333325,45192.0
359,Washington,Cowlitz,2004,8.791666666666666,41893.0
360,Colorado,Denver,2005,5.716666666666667,42576.0
361,Colorado,El Paso,2005,5.325,50878.0
362,Colorado,Arapahoe,2005,5.1,55159.0
363,Colorado,Jefferson,2005,4.933333333333333,60996.0
364,Colorado,Adams,2005,5.75,50798.0
365,Colorado,Larimer,2005,4.408333333333333,49188.0
366,Colorado,Douglas,2005,8.208333333333332,90143.0
367,Colorado,Boulder,2005,4.425,58334.0
368,Colorado,Weid,2005,5.516666666666667,48338.0
369,Colorado,Pueblo,2005,6.8583333333333325,37129.0
370,Colorado,Mesa,2005,4.933333333333333,39750.0
371,Colorado,Broomfield,2005,4.866666666666666,67067.0
372,Idaho,Ada,2005,3.2666666666666666,51343.0
373,Idaho,Canyon,2005,4.4,40785.0
374,Idaho,Kootenai,2005,4.466666666666667,45673.0
375,Idaho,Bonneville,2005,3.0,37641.0
376,Idaho,Bannock,2005,3.8,38406.0
377,Idaho,Twin Falls,2005,3.6416666666666666,40771.0
378,Idaho,Bingham,2005,3.675,36731.0
379,Idaho,Bonner,2005,5.091666666666667,38750.0
380,Idaho,Nez Perce,2005,4.341666666666667,36781.0
381,Idaho,Latah,2005,3.4916666666666667,34727.0
382,Idaho,Madison,2005,2.7,42571.0
383,Idaho,Jefferson,2005,3.2,40144.0
384,Kansas,Johnson,2005,4.641666666666667,66926.0
385,Kansas,Sedgwick,2005,8.75,43340.0
386,Kansas,Shawnee,2005,5.5,44285.0
387,Kansas,Wyandotte,2005,5.516666666666667,34593.0
388,Kansas,Douglas,2005,4.016666666666667,40136.0
389,Kansas,Leavenworth,2005,6.216666666666667,54321.0
390,Kansas,Riley,2005,3.8,35071.0
391,Kansas,Butler,2005,5.6,49091.0
392,Kansas,Reno,2005,5.016666666666667,39790.0
393,Kansas,Saline,2005,4.425,40268.0
394,Kansas,Crawford,2005,5.8,32550.0
395,Kansas,Finney,2005,4.166666666666666,40333.0
396,Oregon,Multnomah,2005,6.091666666666667,43055.0
397,Oregon,Washington,2005,5.175,53835.0
398,Oregon,Clackamas,2005,5.516666666666667,54743.0
399,Oregon,Lane,2005,6.15,37595.0
400,Oregon,Marion,2005,6.5,43156.0
401,Oregon,Jackson,2005,6.2,40997.0
402,Oregon,Deschutes,2005,5.758333333333333,48626.0
403,Oregon,Linn,2005,7.516666666666666,40007.0
404,Oregon,Douglas,2005,8.208333333333332,36678.0
405,Oregon,Yamhill,2005,6.1,46978.0
406,Oregon,Benton,2005,4.9,45406.0
407,Oregon,Josephine,2005,7.258333333333333,34331.0
408,South Carolina,Greenville,2005,5.975,42714.0
409,South Carolina,Richland,2005,6.458333333333333,43250.0
410,South Carolina,Charleston,2005,5.9,42465.0
411,South Carolina,Horry,2005,6.3,38727.0
412,South Carolina,Spartanburg,2005,8.091666666666665,38197.0
413,South Carolina,Lexington,2005,5.3,46504.0
414,South Carolina,York,2005,7.216666666666666,47245.0
415,South Carolina,Berkeley,2005,5.783333333333333,44733.0
416,South Carolina,Anderson,2005,7.991666666666665,38725.0
417,South Carolina,Beaufort,2005,5.3,49638.0
418,South Carolina,Aiken,2005,6.3583333333333325,41875.0
419,South Carolina,Dorchester,2005,5.7333333333333325,49636.0
420,Washington,King,2005,4.375,58351.0
421,Washington,Pierce,2005,6.25,49636.0
422,Washington,Snohomish,2005,4.766666666666667,54897.0
423,Washington,Spokane,2005,6.025,41584.0
424,Washington,Clark,2005,6.791666666666666,51124.0
425,Washington,Thurston,2005,5.375,49673.0
426,Washington,Kitsap,2005,5.433333333333333,53127.0
427,Washington,Yakima,2005,7.958333333333333,35333.0
428,Washington,Whatcom,2005,5.3583333333333325,44469.0
429,Washington,Benton,2005,6.125,52683.0
430,Washington,Skagit,2005,6.325,48118.0
431,Washington,Cowlitz,2005,7.725,42592.0
432,Colorado,Denver,2006,4.75,41357.0
433,Colorado,El Paso,2006,4.558333333333333,53234.0
434,Colorado,Arapahoe,2006,4.2,55804.0
435,Colorado,Jefferson,2006,4.133333333333333,60784.0
436,Colorado,Adams,2006,4.775,50930.0
437,Colorado,Larimer,2006,3.883333333333333,54241.0
438,Colorado,Douglas,2006,7.508333333333333,93273.0
439,Colorado,Boulder,2006,3.6666666666666665,62322.0
440,Colorado,Weid,2006,4.616666666666666,52037.0
441,Colorado,Pueblo,2006,5.55,36999.0
442,Colorado,Mesa,2006,3.925,42791.0
443,Colorado,Broomfield,2006,4.225,71714.0
444,Idaho,Ada,2006,2.6416666666666666,53909.0
445,Idaho,Canyon,2006,3.9,41734.0
446,Idaho,Kootenai,2006,3.7916666666666665,46867.0
447,Idaho,Bonneville,2006,2.6,40919.0
448,Idaho,Bannock,2006,3.408333333333333,39468.0
449,Idaho,Twin Falls,2006,3.341666666666667,40603.0
450,Idaho,Bingham,2006,3.6666666666666665,40456.0
451,Idaho,Bonner,2006,4.633333333333333,41925.0
452,Idaho,Nez Perce,2006,3.5083333333333333,36961.0
453,Idaho,Latah,2006,3.0166666666666666,34251.0
454,Idaho,Madison,2006,2.6333333333333333,43358.0
455,Idaho,Jefferson,2006,3.0,40050.0
456,Kansas,Johnson,2006,4.141666666666667,69991.0
457,Kansas,Sedgwick,2006,7.65,45036.0
458,Kansas,Shawnee,2006,4.6,44158.0
459,Kansas,Wyandotte,2006,4.808333333333333,36876.0
460,Kansas,Douglas,2006,3.8166666666666664,45797.0
461,Kansas,Leavenworth,2006,5.633333333333333,55141.0
462,Kansas,Riley,2006,3.3666666666666667,37110.0
463,Kansas,Butler,2006,4.6,51254.0
464,Kansas,Reno,2006,4.5,39314.0
465,Kansas,Saline,2006,3.8,42360.0
466,Kansas,Crawford,2006,5.1,31645.0
467,Kansas,Finney,2006,3.4833333333333334,42621.0
468,Oregon,Multnomah,2006,5.175,45542.0
469,Oregon,Washington,2006,4.433333333333333,59456.0
470,Oregon,Clackamas,2006,4.791666666666666,56287.0
471,Oregon,Lane,2006,5.475,42069.0
472,Oregon,Marion,2006,5.716666666666667,45185.0
473,Oregon,Jackson,2006,5.758333333333333,40926.0
474,Oregon,Deschutes,2006,4.666666666666666,50513.0
475,Oregon,Linn,2006,6.6,41115.0
476,Oregon,Douglas,2006,7.508333333333333,38253.0
477,Oregon,Yamhill,2006,5.2,48877.0
478,Oregon,Benton,2006,4.716666666666667,48301.0
479,Oregon,Josephine,2006,6.633333333333333,37858.0
480,South Carolina,Greenville,2006,5.7333333333333325,42276.0
481,South Carolina,Richland,2006,6.2,45236.0
482,South Carolina,Charleston,2006,5.366666666666666,43697.0
483,South Carolina,Horry,2006,5.941666666666666,40723.0
484,South Carolina,Spartanburg,2006,7.091666666666667,40237.0
485,South Carolina,Lexington,2006,5.0,50099.0
486,South Carolina,York,2006,6.8,46561.0
487,South Carolina,Berkeley,2006,5.925,48162.0
488,South Carolina,Anderson,2006,7.25,41066.0
489,South Carolina,Beaufort,2006,5.116666666666666,51209.0
490,South Carolina,Aiken,2006,6.8,43598.0
491,South Carolina,Dorchester,2006,5.408333333333333,50485.0
492,Washington,King,2006,3.633333333333333,63291.0
493,Washington,Pierce,2006,5.533333333333333,53789.0
494,Washington,Snohomish,2006,4.033333333333333,60032.0
495,Washington,Spokane,2006,5.4,42436.0
496,Washington,Clark,2006,6.216666666666667,55459.0
497,Washington,Thurston,2006,4.9833333333333325,53257.0
498,Washington,Kitsap,2006,5.058333333333333,55370.0
499,Washington,Yakima,2006,7.4416666666666655,38797.0
500,Washington,Whatcom,2006,4.908333333333333,44417.0
501,Washington,Benton,2006,6.158333333333333,51490.0
502,Washington,Skagit,2006,5.6,48448.0
503,Washington,Cowlitz,2006,7.033333333333333,44337.0
504,Colorado,Denver,2007,4.116666666666666,44881.0
505,Colorado,El Paso,2007,4.208333333333333,55253.0
506,Colorado,Arapahoe,2007,3.7,59299.0
507,Colorado,Jefferson,2007,3.6166666666666663,64548.0
508,Colorado,Adams,2007,4.175,52544.0
509,Colorado,Larimer,2007,3.333333333333333,52968.0
510,Colorado,Douglas,2007,7.6916666666666655,94042.0
511,Colorado,Boulder,2007,3.25,64299.0
512,Colorado,Weid,2007,4.05,52228.0
513,Colorado,Pueblo,2007,4.658333333333333,40570.0
514,Colorado,Mesa,2007,3.125,49926.0
515,Colorado,Broomfield,2007,3.5,70168.0
516,Idaho,Ada,2007,2.658333333333333,55121.0
517,Idaho,Canyon,2007,3.7,43132.0
518,Idaho,Kootenai,2007,3.341666666666667,51260.0
519,Idaho,Bonneville,2007,2.2,44150.0
520,Idaho,Bannock,2007,2.95,39977.0
521,Idaho,Twin Falls,2007,2.7666666666666666,42714.0
522,Idaho,Bingham,2007,2.666666666666667,42420.0
523,Idaho,Bonner,2007,3.875,40726.0
524,Idaho,Nez Perce,2007,3.0083333333333333,42031.0
525,Idaho,Latah,2007,2.7416666666666667,39543.0
526,Idaho,Madison,2007,2.158333333333333,47726.0
527,Idaho,Jefferson,2007,2.5,50920.0
528,Kansas,Johnson,2007,4.083333333333333,71961.0
529,Kansas,Sedgwick,2007,7.625,47326.0
530,Kansas,Shawnee,2007,4.2,46696.0
531,Kansas,Wyandotte,2007,4.641666666666667,37501.0
532,Kansas,Douglas,2007,3.9166666666666665,44580.0
533,Kansas,Leavenworth,2007,5.408333333333333,58850.0
534,Kansas,Riley,2007,3.1333333333333333,38864.0
535,Kansas,Butler,2007,4.1,56372.0
536,Kansas,Reno,2007,4.2333333333333325,40418.0
537,Kansas,Saline,2007,3.575,42557.0
538,Kansas,Crawford,2007,4.9,35112.0
539,Kansas,Finney,2007,3.425,51658.0
540,Oregon,Multnomah,2007,4.875,48876.0
541,Oregon,Washington,2007,4.316666666666666,61721.0
542,Oregon,Clackamas,2007,4.575,61325.0
543,Oregon,Lane,2007,5.191666666666666,43250.0
544,Oregon,Marion,2007,5.4,43874.0
545,Oregon,Jackson,2007,5.658333333333333,44344.0
546,Oregon,Deschutes,2007,4.966666666666667,54754.0
547,Oregon,Linn,2007,6.325,44580.0
548,Oregon,Douglas,2007,7.6916666666666655,39224.0
549,Oregon,Yamhill,2007,5.0,51728.0
550,Oregon,Benton,2007,4.15,49061.0
551,Oregon,Josephine,2007,7.058333333333333,37209.0
552,South Carolina,Greenville,2007,5.033333333333333,47867.0
553,South Carolina,Richland,2007,5.625,47787.0
554,South Carolina,Charleston,2007,4.675,47297.0
555,South Carolina,Horry,2007,5.408333333333333,42960.0
556,South Carolina,Spartanburg,2007,6.058333333333333,41160.0
557,South Carolina,Lexington,2007,4.4,51040.0
558,South Carolina,York,2007,5.783333333333333,54092.0
559,South Carolina,Berkeley,2007,5.15,48746.0
560,South Carolina,Anderson,2007,6.191666666666666,41691.0
561,South Carolina,Beaufort,2007,4.683333333333333,54209.0
562,South Carolina,Aiken,2007,5.75,45105.0
563,South Carolina,Dorchester,2007,4.708333333333333,53613.0
564,Washington,King,2007,3.1333333333333333,66969.0
565,Washington,Pierce,2007,5.208333333333333,55680.0
566,Washington,Snohomish,2007,3.466666666666667,65394.0
567,Washington,Spokane,2007,5.208333333333333,46308.0
568,Washington,Clark,2007,6.133333333333333,58167.0
569,Washington,Thurston,2007,4.791666666666666,57682.0
570,Washington,Kitsap,2007,4.825,57875.0
571,Washington,Yakima,2007,6.925,41949.0
572,Washington,Whatcom,2007,4.583333333333333,47406.0
573,Washington,Benton,2007,5.391666666666667,53129.0
574,Washington,Skagit,2007,5.2,51486.0
575,Washington,Cowlitz,2007,6.908333333333333,44814.0
576,Colorado,Denver,2008,5.4,46305.0
577,Colorado,El Paso,2008,5.691666666666666,59061.0
578,Colorado,Arapahoe,2008,4.9,59320.0
579,Colorado,Jefferson,2008,4.708333333333333,66627.0
580,Colorado,Adams,2008,5.416666666666666,56601.0
581,Colorado,Larimer,2008,4.25,56701.0
582,Colorado,Douglas,2008,9.48333333333333,100493.0
583,Colorado,Boulder,2008,4.158333333333333,66760.0
584,Colorado,Weid,2008,5.241666666666666,55845.0
585,Colorado,Pueblo,2008,6.091666666666667,42005.0
586,Colorado,Mesa,2008,3.8916666666666666,54337.0
587,Colorado,Broomfield,2008,4.533333333333333,77855.0
588,Idaho,Ada,2008,4.775,57159.0
589,Idaho,Canyon,2008,6.4,43976.0
590,Idaho,Kootenai,2008,5.691666666666666,52254.0
591,Idaho,Bonneville,2008,3.5,47819.0
592,Idaho,Bannock,2008,4.616666666666666,42210.0
593,Idaho,Twin Falls,2008,3.95,45890.0
594,Idaho,Bingham,2008,3.925,41630.0
595,Idaho,Bonner,2008,6.4833333333333325,46680.0
596,Idaho,Nez Perce,2008,4.475,41250.0
597,Idaho,Latah,2008,4.1083333333333325,42160.0
598,Idaho,Madison,2008,3.475,52743.0
599,Idaho,Jefferson,2008,3.7,45407.0
600,Kansas,Johnson,2008,4.591666666666667,76250.0
601,Kansas,Sedgwick,2008,8.041666666666666,49518.0
602,Kansas,Shawnee,2008,4.5,48332.0
603,Kansas,Wyandotte,2008,5.008333333333333,39208.0
604,Kansas,Douglas,2008,4.191666666666666,47614.0
605,Kansas,Leavenworth,2008,5.775,60218.0
606,Kansas,Riley,2008,3.5,43801.0
607,Kansas,Butler,2008,4.4,57678.0
608,Kansas,Reno,2008,4.116666666666666,42597.0
609,Kansas,Saline,2008,3.8166666666666664,45342.0
610,Kansas,Crawford,2008,5.3,37289.0
611,Kansas,Finney,2008,3.525,49963.0
612,Oregon,Multnomah,2008,5.591666666666667,51372.0
613,Oregon,Washington,2008,5.05,65576.0
614,Oregon,Clackamas,2008,5.441666666666666,65862.0
615,Oregon,Lane,2008,6.416666666666666,43614.0
616,Oregon,Marion,2008,6.316666666666666,47469.0
617,Oregon,Jackson,2008,7.5666666666666655,42027.0
618,Oregon,Deschutes,2008,7.8166666666666655,51897.0
619,Oregon,Linn,2008,7.4,45838.0
620,Oregon,Douglas,2008,9.48333333333333,39436.0
621,Oregon,Yamhill,2008,6.2,54868.0
622,Oregon,Benton,2008,4.458333333333333,53661.0
623,Oregon,Josephine,2008,8.791666666666666,34943.0
624,South Carolina,Greenville,2008,5.933333333333333,48147.0
625,South Carolina,Richland,2008,6.516666666666667,49653.0
626,South Carolina,Charleston,2008,5.675,50213.0
627,South Carolina,Horry,2008,7.6083333333333325,42515.0
628,South Carolina,Spartanburg,2008,7.308333333333333,45000.0
629,South Carolina,Lexington,2008,5.2,52515.0
630,South Carolina,York,2008,7.4833333333333325,51636.0
631,South Carolina,Berkeley,2008,6.541666666666666,49414.0
632,South Carolina,Anderson,2008,7.216666666666666,44747.0
633,South Carolina,Beaufort,2008,5.675,55897.0
634,South Carolina,Aiken,2008,6.258333333333333,43895.0
635,South Carolina,Dorchester,2008,6.033333333333333,60254.0
636,Washington,King,2008,3.7666666666666666,70091.0
637,Washington,Pierce,2008,5.916666666666666,58133.0
638,Washington,Snohomish,2008,4.425,66706.0
639,Washington,Spokane,2008,5.825,48269.0
640,Washington,Clark,2008,7.333333333333333,59194.0
641,Washington,Thurston,2008,5.25,62146.0
642,Washington,Kitsap,2008,5.191666666666666,59611.0
643,Washington,Yakima,2008,7.216666666666666,44556.0
644,Washington,Whatcom,2008,5.2,49159.0
645,Washington,Benton,2008,5.3,56458.0
646,Washington,Skagit,2008,5.916666666666666,53510.0
647,Washington,Cowlitz,2008,8.475,47832.0
648,Colorado,Denver,2009,8.766666666666666,46693.0
649,Colorado,El Paso,2009,8.5,55621.0
650,Colorado,Arapahoe,2009,7.8,56099.0
651,Colorado,Jefferson,2009,7.708333333333333,66059.0
652,Colorado,Adams,2009,9.133333333333331,53779.0
653,Colorado,Larimer,2009,6.775,56281.0
654,Colorado,Douglas,2009,15.083333333333332,100447.0
655,Colorado,Boulder,2009,6.625,63757.0
656,Colorado,Weid,2009,8.816666666666666,54578.0
657,Colorado,Pueblo,2009,8.85,39016.0
658,Colorado,Mesa,2009,9.041666666666666,52290.0
659,Colorado,Broomfield,2009,7.4416666666666655,77606.0
660,Idaho,Ada,2009,8.866666666666665,53828.0
661,Idaho,Canyon,2009,11.2,39457.0
662,Idaho,Kootenai,2009,10.091666666666667,49446.0
663,Idaho,Bonneville,2009,6.3,44451.0
664,Idaho,Bannock,2009,7.8,41194.0
665,Idaho,Twin Falls,2009,6.975,43262.0
666,Idaho,Bingham,2009,6.566666666666666,41270.0
667,Idaho,Bonner,2009,11.108333333333333,42989.0
668,Idaho,Nez Perce,2009,6.766666666666667,38817.0
669,Idaho,Latah,2009,6.783333333333333,35400.0
670,Idaho,Madison,2009,6.058333333333333,50649.0
671,Idaho,Jefferson,2009,7.0,41922.0
672,Kansas,Johnson,2009,6.566666666666666,72006.0
673,Kansas,Sedgwick,2009,10.708333333333332,48071.0
674,Kansas,Shawnee,2009,8.4,46194.0
675,Kansas,Wyandotte,2009,6.566666666666666,37341.0
676,Kansas,Douglas,2009,5.766666666666667,44309.0
677,Kansas,Leavenworth,2009,8.058333333333334,57691.0
678,Kansas,Riley,2009,4.4833333333333325,40612.0
679,Kansas,Butler,2009,7.4,54165.0
680,Kansas,Reno,2009,5.85,41536.0
681,Kansas,Saline,2009,5.525,43827.0
682,Kansas,Crawford,2009,8.6,34753.0
683,Kansas,Finney,2009,4.408333333333333,44364.0
684,Oregon,Multnomah,2009,10.141666666666666,50604.0
685,Oregon,Washington,2009,9.1,61022.0
686,Oregon,Clackamas,2009,9.966666666666665,60051.0
687,Oregon,Lane,2009,11.816666666666666,40363.0
688,Oregon,Marion,2009,10.683333333333332,43388.0
689,Oregon,Jackson,2009,12.308333333333332,45212.0
690,Oregon,Deschutes,2009,14.333333333333332,51959.0
691,Oregon,Linn,2009,13.408333333333331,46717.0
692,Oregon,Douglas,2009,15.083333333333332,38887.0
693,Oregon,Yamhill,2009,11.2,51676.0
694,Oregon,Benton,2009,7.65,47931.0
695,Oregon,Josephine,2009,13.925,35509.0
696,South Carolina,Greenville,2009,9.933333333333332,45917.0
697,South Carolina,Richland,2009,9.391666666666666,45643.0
698,South Carolina,Charleston,2009,8.891666666666666,46145.0
699,South Carolina,Horry,2009,11.916666666666666,41163.0
700,South Carolina,Spartanburg,2009,12.066666666666666,40278.0
701,South Carolina,Lexington,2009,8.2,52062.0
702,South Carolina,York,2009,13.691666666666666,50644.0
703,South Carolina,Berkeley,2009,10.416666666666666,49609.0
704,South Carolina,Anderson,2009,12.183333333333332,41399.0
705,South Carolina,Beaufort,2009,8.866666666666665,54085.0
706,South Carolina,Aiken,2009,9.35833333333333,43845.0
707,South Carolina,Dorchester,2009,9.9,52443.0
708,Washington,King,2009,7.05,67706.0
709,Washington,Pierce,2009,8.975,55941.0
710,Washington,Snohomish,2009,8.291666666666666,64677.0
711,Washington,Spokane,2009,8.558333333333334,44799.0
712,Washington,Clark,2009,12.316666666666666,56351.0
713,Washington,Thurston,2009,7.325,58533.0
714,Washington,Kitsap,2009,7.133333333333333,60673.0
715,Washington,Yakima,2009,8.408333333333333,41055.0
716,Washington,Whatcom,2009,7.866666666666665,47490.0
717,Washington,Benton,2009,6.683333333333333,57603.0
718,Washington,Skagit,2009,9.391666666666666,54335.0
719,Washington,Cowlitz,2009,12.458333333333332,45839.0
720,Colorado,Denver,2010,9.541666666666666,45415.0
721,Colorado,El Paso,2010,9.758333333333331,51553.0
722,Colorado,Arapahoe,2010,9.0,58152.0
723,Colorado,Jefferson,2010,8.766666666666666,64181.0
724,Colorado,Adams,2010,10.491666666666665,52785.0
725,Colorado,Larimer,2010,8.05,54739.0
726,Colorado,Douglas,2010,14.1,97806.0
727,Colorado,Boulder,2010,7.433333333333333,62215.0
728,Colorado,Weid,2010,9.60833333333333,52334.0
729,Colorado,Pueblo,2010,10.9,39107.0
730,Colorado,Mesa,2010,11.391666666666666,47324.0
731,Colorado,Broomfield,2010,7.8,76006.0
732,Idaho,Ada,2010,8.133333333333333,50909.0
733,Idaho,Canyon,2010,11.1,42419.0
734,Idaho,Kootenai,2010,10.725,49979.0
735,Idaho,Bonneville,2010,6.7,40946.0
736,Idaho,Bannock,2010,7.783333333333333,42007.0
737,Idaho,Twin Falls,2010,8.291666666666666,43571.0
738,Idaho,Bingham,2010,7.008333333333333,40119.0
739,Idaho,Bonner,2010,12.708333333333332,43580.0
740,Idaho,Nez Perce,2010,6.5,40942.0
741,Idaho,Latah,2010,6.441666666666666,36202.0
742,Idaho,Madison,2010,5.2,50123.0
743,Idaho,Jefferson,2010,6.8,40475.0
744,Kansas,Johnson,2010,6.008333333333333,71389.0
745,Kansas,Sedgwick,2010,9.891666666666666,45996.0
746,Kansas,Shawnee,2010,8.7,45359.0
747,Kansas,Wyandotte,2010,6.883333333333333,37805.0
748,Kansas,Douglas,2010,5.825,47335.0
749,Kansas,Leavenworth,2010,7.4833333333333325,60848.0
750,Kansas,Riley,2010,4.933333333333333,45523.0
751,Kansas,Butler,2010,7.7,55182.0
752,Kansas,Reno,2010,6.283333333333333,41717.0
753,Kansas,Saline,2010,6.075,43927.0
754,Kansas,Crawford,2010,8.6,35407.0
755,Kansas,Finney,2010,4.508333333333333,46697.0
756,Oregon,Multnomah,2010,9.783333333333331,48018.0
757,Oregon,Washington,2010,9.016666666666666,60555.0
758,Oregon,Clackamas,2010,10.15,57960.0
759,Oregon,Lane,2010,11.125,40545.0
760,Oregon,Marion,2010,11.233333333333333,44725.0
761,Oregon,Jackson,2010,12.558333333333332,40603.0
762,Oregon,Deschutes,2010,13.958333333333332,46631.0
763,Oregon,Linn,2010,12.941666666666666,43019.0
764,Oregon,Douglas,2010,14.1,36991.0
765,Oregon,Yamhill,2010,10.5,50288.0
766,Oregon,Benton,2010,7.166666666666666,49156.0
767,Oregon,Josephine,2010,14.141666666666666,36102.0
768,South Carolina,Greenville,2010,9.775,45666.0
769,South Carolina,Richland,2010,9.475,45944.0
770,South Carolina,Charleston,2010,8.933333333333334,46187.0
771,South Carolina,Horry,2010,12.516666666666666,40697.0
772,South Carolina,Spartanburg,2010,12.016666666666666,41888.0
773,South Carolina,Lexington,2010,8.3,51523.0
774,South Carolina,York,2010,12.291666666666666,51403.0
775,South Carolina,Berkeley,2010,10.158333333333331,49284.0
776,South Carolina,Anderson,2010,11.741666666666665,38851.0
777,South Carolina,Beaufort,2010,8.775,55266.0
778,South Carolina,Aiken,2010,9.416666666666666,43196.0
779,South Carolina,Dorchester,2010,9.658333333333331,51132.0
780,Washington,King,2010,8.4,66147.0
781,Washington,Pierce,2010,9.475,56446.0
782,Washington,Snohomish,2010,9.925,63391.0
783,Washington,Spokane,2010,9.133333333333331,46881.0
784,Washington,Clark,2010,11.725,55144.0
785,Washington,Thurston,2010,8.125,60672.0
786,Washington,Kitsap,2010,7.766666666666666,57107.0
787,Washington,Yakima,2010,9.675,40503.0
788,Washington,Whatcom,2010,8.558333333333334,49999.0
789,Washington,Benton,2010,7.1083333333333325,59409.0
790,Washington,Skagit,2010,9.891666666666666,54600.0
791,Washington,Cowlitz,2010,11.7,43031.0
792,Colorado,Denver,2011,8.9,47584.0
793,Colorado,El Paso,2011,9.391666666666666,54857.0
794,Colorado,Arapahoe,2011,8.6,57042.0
795,Colorado,Jefferson,2011,8.258333333333333,64412.0
796,Colorado,Adams,2011,10.275,52429.0
797,Colorado,Larimer,2011,7.45,55501.0
798,Colorado,Douglas,2011,12.825,95973.0
799,Colorado,Boulder,2011,6.75,68101.0
800,Colorado,Weid,2011,8.9,51773.0
801,Colorado,Pueblo,2011,10.941666666666666,40764.0
802,Colorado,Mesa,2011,10.6,47778.0
803,Colorado,Broomfield,2011,7.275,79051.0
804,Idaho,Ada,2011,7.225,50701.0
805,Idaho,Canyon,2011,10.5,39132.0
806,Idaho,Kootenai,2011,9.975,49748.0
807,Idaho,Bonneville,2011,6.8,41749.0
808,Idaho,Bannock,2011,7.366666666666665,41942.0
809,Idaho,Twin Falls,2011,7.775,45354.0
810,Idaho,Bingham,2011,6.9833333333333325,41255.0
811,Idaho,Bonner,2011,12.15,43662.0
812,Idaho,Nez Perce,2011,6.208333333333333,42350.0
813,Idaho,Latah,2011,6.141666666666667,33343.0
814,Idaho,Madison,2011,5.166666666666666,47827.0
815,Idaho,Jefferson,2011,6.8,43120.0
816,Kansas,Johnson,2011,5.266666666666667,70665.0
817,Kansas,Sedgwick,2011,9.33333333333333,49526.0
818,Kansas,Shawnee,2011,7.8,44816.0
819,Kansas,Wyandotte,2011,6.666666666666666,38016.0
820,Kansas,Douglas,2011,5.566666666666666,47930.0
821,Kansas,Leavenworth,2011,7.15,61567.0
822,Kansas,Riley,2011,4.7333333333333325,45558.0
823,Kansas,Butler,2011,6.9,53217.0
824,Kansas,Reno,2011,5.933333333333333,41892.0
825,Kansas,Saline,2011,5.991666666666666,45359.0
826,Kansas,Crawford,2011,7.8,34080.0
827,Kansas,Finney,2011,4.2,44888.0
828,Oregon,Multnomah,2011,8.45,46989.0
829,Oregon,Washington,2011,7.766666666666666,62463.0
830,Oregon,Clackamas,2011,8.95,58496.0
831,Oregon,Lane,2011,9.758333333333331,40689.0
832,Oregon,Marion,2011,10.575,44275.0
833,Oregon,Jackson,2011,11.85,40013.0
834,Oregon,Deschutes,2011,12.408333333333331,47924.0
835,Oregon,Linn,2011,11.475,42836.0
836,Oregon,Douglas,2011,12.825,38196.0
837,Oregon,Yamhill,2011,9.3,52103.0
838,Oregon,Benton,2011,6.466666666666667,46272.0
839,Oregon,Josephine,2011,12.766666666666666,36269.0
840,South Carolina,Greenville,2011,8.558333333333334,48480.0
841,South Carolina,Richland,2011,9.041666666666666,45182.0
842,South Carolina,Charleston,2011,8.216666666666665,49432.0
843,South Carolina,Horry,2011,11.808333333333332,38807.0
844,South Carolina,Spartanburg,2011,10.8,40687.0
845,South Carolina,Lexington,2011,7.9,50738.0
846,South Carolina,York,2011,10.775,51017.0
847,South Carolina,Berkeley,2011,9.45833333333333,49516.0
848,South Carolina,Anderson,2011,10.2,41000.0
849,South Carolina,Beaufort,2011,8.558333333333334,55018.0
850,South Carolina,Aiken,2011,9.133333333333331,42826.0
851,South Carolina,Dorchester,2011,8.858333333333333,51332.0
852,Washington,King,2011,7.55,68596.0
853,Washington,Pierce,2011,9.091666666666665,55215.0
854,Washington,Snohomish,2011,9.016666666666666,63766.0
855,Washington,Spokane,2011,8.691666666666666,48693.0
856,Washington,Clark,2011,10.5,56750.0
857,Washington,Thurston,2011,8.075,59694.0
858,Washington,Kitsap,2011,7.541666666666665,60294.0
859,Washington,Yakima,2011,9.716666666666665,41666.0
860,Washington,Whatcom,2011,8.066666666666666,51315.0
861,Washington,Benton,2011,7.35,61539.0
862,Washington,Skagit,2011,9.466666666666665,52013.0
863,Washington,Cowlitz,2011,10.741666666666665,43611.0
864,Colorado,Denver,2012,7.933333333333333,50455.0
865,Colorado,El Paso,2012,8.975,55312.0
866,Colorado,Arapahoe,2012,7.8,60525.0
867,Colorado,Jefferson,2012,7.508333333333333,67401.0
868,Colorado,Adams,2012,9.533333333333331,55695.0
869,Colorado,Larimer,2012,6.8,56132.0
870,Colorado,Douglas,2012,11.925,98426.0
871,Colorado,Boulder,2012,6.325,66894.0
872,Colorado,Weid,2012,7.866666666666665,55332.0
873,Colorado,Pueblo,2012,10.816666666666666,41209.0
874,Colorado,Mesa,2012,9.791666666666666,46940.0
875,Colorado,Broomfield,2012,6.741666666666666,81040.0
876,Idaho,Ada,2012,6.333333333333333,54337.0
877,Idaho,Canyon,2012,9.4,41700.0
878,Idaho,Kootenai,2012,8.991666666666665,50347.0
879,Idaho,Bonneville,2012,6.5,42993.0
880,Idaho,Bannock,2012,7.1083333333333325,41499.0
881,Idaho,Twin Falls,2012,7.1,46816.0
882,Idaho,Bingham,2012,6.558333333333333,39720.0
883,Idaho,Bonner,2012,10.716666666666667,45155.0
884,Idaho,Nez Perce,2012,5.883333333333333,40873.0
885,Idaho,Latah,2012,5.958333333333333,37565.0
886,Idaho,Madison,2012,4.675,50080.0
887,Idaho,Jefferson,2012,6.3,42391.0
888,Kansas,Johnson,2012,4.591666666666667,73712.0
889,Kansas,Sedgwick,2012,8.383333333333333,47649.0
890,Kansas,Shawnee,2012,6.9,48122.0
891,Kansas,Wyandotte,2012,6.175,37780.0
892,Kansas,Douglas,2012,5.125,48813.0
893,Kansas,Leavenworth,2012,6.391666666666667,59662.0
894,Kansas,Riley,2012,4.375,43574.0
895,Kansas,Butler,2012,6.2,58031.0
896,Kansas,Reno,2012,5.45,43094.0
897,Kansas,Saline,2012,5.766666666666667,45225.0
898,Kansas,Crawford,2012,6.6,35365.0
899,Kansas,Finney,2012,4.466666666666667,46496.0
900,Oregon,Multnomah,2012,7.6,51580.0
901,Oregon,Washington,2012,7.075,63566.0
902,Oregon,Clackamas,2012,8.033333333333333,64231.0
903,Oregon,Lane,2012,8.883333333333333,41123.0
904,Oregon,Marion,2012,9.966666666666665,45631.0
905,Oregon,Jackson,2012,11.075,44392.0
906,Oregon,Deschutes,2012,11.241666666666665,48591.0
907,Oregon,Linn,2012,10.716666666666667,43837.0
908,Oregon,Douglas,2012,11.925,39399.0
909,Oregon,Yamhill,2012,8.5,49656.0
910,Oregon,Benton,2012,6.0,51890.0
911,Oregon,Josephine,2012,12.133333333333333,35109.0
912,South Carolina,Greenville,2012,7.275,47044.0
913,South Carolina,Richland,2012,7.9833333333333325,47606.0
914,South Carolina,Charleston,2012,7.0,48200.0
915,South Carolina,Horry,2012,10.183333333333332,40249.0
916,South Carolina,Spartanburg,2012,9.23333333333333,41327.0
917,South Carolina,Lexington,2012,6.8,52249.0
918,South Carolina,York,2012,9.066666666666666,51427.0
919,South Carolina,Berkeley,2012,8.216666666666665,49872.0
920,South Carolina,Anderson,2012,8.658333333333333,39905.0
921,South Carolina,Beaufort,2012,7.383333333333333,54139.0
922,South Carolina,Aiken,2012,8.416666666666666,45699.0
923,South Carolina,Dorchester,2012,7.65,53924.0
924,Washington,King,2012,6.266666666666667,68944.0
925,Washington,Pierce,2012,8.5,57542.0
926,Washington,Snohomish,2012,7.4,67068.0
927,Washington,Spokane,2012,8.291666666666666,47531.0
928,Washington,Clark,2012,8.633333333333333,56087.0
929,Washington,Thurston,2012,7.7333333333333325,58556.0
930,Washington,Kitsap,2012,7.2333333333333325,59354.0
931,Washington,Yakima,2012,9.758333333333331,43428.0
932,Washington,Whatcom,2012,7.45,51509.0
933,Washington,Benton,2012,8.525,58361.0
934,Washington,Skagit,2012,8.866666666666665,52886.0
935,Washington,Cowlitz,2012,9.808333333333332,47714.0
936,Colorado,Denver,2013,6.508333333333333,51156.0
937,Colorado,El Paso,2013,7.766666666666666,57072.0
938,Colorado,Arapahoe,2013,6.5,61092.0
939,Colorado,Jefferson,2013,6.183333333333333,68161.0
940,Colorado,Adams,2013,7.9833333333333325,54876.0
941,Colorado,Larimer,2013,5.716666666666667,59337.0
942,Colorado,Douglas,2013,10.425,105192.0
943,Colorado,Boulder,2013,5.4,71405.0
944,Colorado,Weid,2013,6.458333333333333,58404.0
945,Colorado,Pueblo,2013,9.691666666666666,41352.0
946,Colorado,Mesa,2013,8.608333333333333,48108.0
947,Colorado,Broomfield,2013,5.716666666666667,79117.0
948,Idaho,Ada,2013,5.8,53420.0
949,Idaho,Canyon,2013,8.4,42237.0
950,Idaho,Kootenai,2013,8.133333333333333,50559.0
951,Idaho,Bonneville,2013,6.1,42665.0
952,Idaho,Bannock,2013,6.516666666666667,44602.0
953,Idaho,Twin Falls,2013,6.391666666666667,47721.0
954,Idaho,Bingham,2013,6.533333333333333,41797.0
955,Idaho,Bonner,2013,9.73333333333333,46753.0
956,Idaho,Nez Perce,2013,5.558333333333333,43699.0
957,Idaho,Latah,2013,5.4833333333333325,37142.0
958,Idaho,Madison,2013,4.558333333333333,52950.0
959,Idaho,Jefferson,2013,5.7,42680.0
960,Kansas,Johnson,2013,4.308333333333333,74135.0
961,Kansas,Sedgwick,2013,7.925,48671.0
962,Kansas,Shawnee,2013,6.1,50042.0
963,Kansas,Wyandotte,2013,5.766666666666667,38728.0
964,Kansas,Douglas,2013,4.833333333333333,51221.0
965,Kansas,Leavenworth,2013,5.9833333333333325,65424.0
966,Kansas,Riley,2013,4.2333333333333325,46267.0
967,Kansas,Butler,2013,5.5,56456.0
968,Kansas,Reno,2013,5.266666666666667,44099.0
969,Kansas,Saline,2013,4.975,48505.0
970,Kansas,Crawford,2013,5.9,36958.0
971,Kansas,Finney,2013,4.283333333333333,46984.0
972,Oregon,Multnomah,2013,6.683333333333333,53624.0
973,Oregon,Washington,2013,6.208333333333333,63632.0
974,Oregon,Clackamas,2013,6.991666666666666,66514.0
975,Oregon,Lane,2013,7.916666666666665,43778.0
976,Oregon,Marion,2013,8.716666666666665,46919.0
977,Oregon,Jackson,2013,9.625,43393.0
978,Oregon,Deschutes,2013,9.408333333333331,49427.0
979,Oregon,Linn,2013,9.55,44941.0
980,Oregon,Douglas,2013,10.425,40243.0
981,Oregon,Yamhill,2013,7.4,57427.0
982,Oregon,Benton,2013,5.65,50714.0
983,Oregon,Josephine,2013,10.95,37619.0
984,South Carolina,Greenville,2013,5.933333333333333,49476.0
985,South Carolina,Richland,2013,6.658333333333333,47492.0
986,South Carolina,Charleston,2013,5.7333333333333325,51206.0
987,South Carolina,Horry,2013,8.45,41808.0
988,South Carolina,Spartanburg,2013,7.541666666666665,42638.0
989,South Carolina,Lexington,2013,5.6,53880.0
990,South Carolina,York,2013,7.491666666666665,54927.0
991,South Carolina,Berkeley,2013,6.791666666666666,50794.0
992,South Carolina,Anderson,2013,6.925,41591.0
993,South Carolina,Beaufort,2013,6.225,56354.0
994,South Carolina,Aiken,2013,7.35,43876.0
995,South Carolina,Dorchester,2013,6.433333333333333,55193.0
996,Washington,King,2013,4.416666666666666,71779.0
997,Washington,Pierce,2013,8.158333333333333,57619.0
998,Washington,Snohomish,2013,5.033333333333333,67443.0
999,Washington,Spokane,2013,7.991666666666665,47577.0
1000,Washington,Clark,2013,8.291666666666666,57886.0
1001,Washington,Thurston,2013,7.433333333333333,59877.0
1002,Washington,Kitsap,2013,7.05,62516.0
1003,Washington,Yakima,2013,9.83333333333333,41918.0
1004,Washington,Whatcom,2013,7.275,51119.0
1005,Washington,Benton,2013,8.708333333333332,59264.0
1006,Washington,Skagit,2013,8.4,52525.0
1007,Washington,Cowlitz,2013,9.60833333333333,48447.0
1008,Colorado,Denver,2014,4.783333333333333,54872.0
1009,Colorado,El Paso,2014,5.991666666666666,59286.0
1010,Colorado,Arapahoe,2014,4.9,65359.0
1011,Colorado,Jefferson,2014,4.541666666666666,70687.0
1012,Colorado,Adams,2014,5.691666666666666,59316.0
1013,Colorado,Larimer,2014,4.241666666666666,57659.0
1014,Colorado,Douglas,2014,8.991666666666665,107250.0
1015,Colorado,Boulder,2014,4.058333333333333,71546.0
1016,Colorado,Weid,2014,4.458333333333333,61501.0
1017,Colorado,Pueblo,2014,7.275,41382.0
1018,Colorado,Mesa,2014,6.208333333333333,50106.0
1019,Colorado,Broomfield,2014,4.225,85885.0
1020,Idaho,Ada,2014,3.733333333333333,57908.0
1021,Idaho,Canyon,2014,5.4,43489.0
1022,Idaho,Kootenai,2014,5.3,51440.0
1023,Idaho,Bonneville,2014,3.8,44324.0
1024,Idaho,Bannock,2014,4.125,44236.0
1025,Idaho,Twin Falls,2014,3.883333333333333,47292.0
1026,Idaho,Bingham,2014,4.1083333333333325,45193.0
1027,Idaho,Bonner,2014,6.5,46214.0
1028,Idaho,Nez Perce,2014,3.675,43482.0
1029,Idaho,Latah,2014,3.6583333333333328,36065.0
1030,Idaho,Madison,2014,2.8833333333333333,52428.0
1031,Idaho,Jefferson,2014,3.6,45049.0
1032,Kansas,Johnson,2014,3.75,76104.0
1033,Kansas,Sedgwick,2014,6.791666666666666,51175.0
1034,Kansas,Shawnee,2014,5.3,52795.0
1035,Kansas,Wyandotte,2014,4.7333333333333325,37087.0
1036,Kansas,Douglas,2014,4.058333333333333,49246.0
1037,Kansas,Leavenworth,2014,4.95,65549.0
1038,Kansas,Riley,2014,3.6833333333333327,46468.0
1039,Kansas,Butler,2014,4.8,60123.0
1040,Kansas,Reno,2014,4.35,46533.0
1041,Kansas,Saline,2014,4.158333333333333,48460.0
1042,Kansas,Crawford,2014,5.3,38491.0
1043,Kansas,Finney,2014,3.4,48609.0
1044,Oregon,Multnomah,2014,5.775,53519.0
1045,Oregon,Washington,2014,5.491666666666666,66315.0
1046,Oregon,Clackamas,2014,6.05,65555.0
1047,Oregon,Lane,2014,6.783333333333333,44976.0
1048,Oregon,Marion,2014,7.241666666666665,48554.0
1049,Oregon,Jackson,2014,8.258333333333333,44835.0
1050,Oregon,Deschutes,2014,7.6083333333333325,52387.0
1051,Oregon,Linn,2014,7.975,44358.0
1052,Oregon,Douglas,2014,8.991666666666665,41504.0
1053,Oregon,Yamhill,2014,6.3,52903.0
1054,Oregon,Benton,2014,4.975,54089.0
1055,Oregon,Josephine,2014,9.216666666666665,37230.0
1056,South Carolina,Greenville,2014,5.191666666666666,49659.0
1057,South Carolina,Richland,2014,5.808333333333333,49782.0
1058,South Carolina,Charleston,2014,5.0,52752.0
1059,South Carolina,Horry,2014,7.2333333333333325,42830.0
1060,South Carolina,Spartanburg,2014,6.166666666666666,44050.0
1061,South Carolina,Lexington,2014,4.9,54098.0
1062,South Carolina,York,2014,6.116666666666666,54196.0
1063,South Carolina,Berkeley,2014,5.841666666666667,52436.0
1064,South Carolina,Anderson,2014,5.8,43124.0
1065,South Carolina,Beaufort,2014,5.5,55427.0
1066,South Carolina,Aiken,2014,6.333333333333333,48537.0
1067,South Carolina,Dorchester,2014,5.683333333333333,56388.0
1068,Washington,King,2014,4.5,75738.0
1069,Washington,Pierce,2014,6.8,60397.0
1070,Washington,Snohomish,2014,5.016666666666667,71890.0
1071,Washington,Spokane,2014,6.758333333333333,50083.0
1072,Washington,Clark,2014,6.816666666666666,61747.0
1073,Washington,Thurston,2014,6.316666666666666,61653.0
1074,Washington,Kitsap,2014,5.95,61898.0
1075,Washington,Yakima,2014,8.525,44342.0
1076,Washington,Whatcom,2014,6.366666666666666,53733.0
1077,Washington,Benton,2014,7.266666666666666,58750.0
1078,Washington,Skagit,2014,7.016666666666667,51395.0
1079,Washington,Cowlitz,2014,7.8583333333333325,44235.0
1080,Colorado,Denver,2015,3.558333333333333,57886.0
1081,Colorado,El Paso,2015,4.425,60050.0
1082,Colorado,Arapahoe,2015,3.6,67062.0
1083,Colorado,Jefferson,2015,3.4,71209.0
1084,Colorado,Adams,2015,4.191666666666666,62991.0
1085,Colorado,Larimer,2015,3.191666666666667,64935.0
1086,Colorado,Douglas,2015,7.333333333333333,109926.0
1087,Colorado,Boulder,2015,3.058333333333333,72392.0
1088,Colorado,Weid,2015,3.7,69434.0
1089,Colorado,Pueblo,2015,5.45,40540.0
1090,Colorado,Mesa,2015,5.333333333333333,51449.0
1091,Colorado,Broomfield,2015,3.175,86548.0
1092,Idaho,Ada,2015,3.3666666666666667,58431.0
1093,Idaho,Canyon,2015,4.6,44585.0
1094,Idaho,Kootenai,2015,4.716666666666667,54008.0
1095,Idaho,Bonneville,2015,3.2,43298.0
1096,Idaho,Bannock,2015,3.725,45799.0
1097,Idaho,Twin Falls,2015,3.433333333333333,49644.0
1098,Idaho,Bingham,2015,3.8083333333333327,44072.0
1099,Idaho,Bonner,2015,5.533333333333333,50939.0
1100,Idaho,Nez Perce,2015,3.433333333333333,46360.0
1101,Idaho,Latah,2015,3.216666666666667,38065.0
1102,Idaho,Madison,2015,2.4916666666666667,53555.0
1103,Idaho,Jefferson,2015,3.2,44509.0
1104,Kansas,Johnson,2015,3.375,83007.0
1105,Kansas,Sedgwick,2015,5.966666666666667,50995.0
1106,Kansas,Shawnee,2015,4.8,51316.0
1107,Kansas,Wyandotte,2015,4.2333333333333325,41746.0
1108,Kansas,Douglas,2015,3.7,52447.0
1109,Kansas,Leavenworth,2015,4.508333333333333,61465.0
1110,Kansas,Riley,2015,3.433333333333333,46690.0
1111,Kansas,Butler,2015,4.3,61473.0
1112,Kansas,Reno,2015,4.308333333333333,47178.0
1113,Kansas,Saline,2015,3.75,47052.0
1114,Kansas,Crawford,2015,5.1,38139.0
1115,Kansas,Finney,2015,3.525,53245.0
1116,Oregon,Multnomah,2015,4.791666666666666,58764.0
1117,Oregon,Washington,2015,4.575,70417.0
1118,Oregon,Clackamas,2015,4.991666666666666,69523.0
1119,Oregon,Lane,2015,5.658333333333333,47254.0
1120,Oregon,Marion,2015,5.866666666666666,51623.0
1121,Oregon,Jackson,2015,6.625,44855.0
1122,Oregon,Deschutes,2015,5.75,56911.0
1123,Oregon,Linn,2015,6.55,47757.0
1124,Oregon,Douglas,2015,7.333333333333333,41696.0
1125,Oregon,Yamhill,2015,5.2,52806.0
1126,Oregon,Benton,2015,4.116666666666666,54773.0
1127,Oregon,Josephine,2015,7.55,40569.0
1128,South Carolina,Greenville,2015,4.891666666666667,52017.0
1129,South Carolina,Richland,2015,5.6,51065.0
1130,South Carolina,Charleston,2015,4.783333333333333,56244.0
1131,South Carolina,Horry,2015,7.083333333333333,47083.0
1132,South Carolina,Spartanburg,2015,5.65,45768.0
1133,South Carolina,Lexington,2015,4.8,55413.0
1134,South Carolina,York,2015,5.425,57302.0
1135,South Carolina,Berkeley,2015,5.45,55876.0
1136,South Carolina,Anderson,2015,5.35,44745.0
1137,South Carolina,Beaufort,2015,5.416666666666666,60071.0
1138,South Carolina,Aiken,2015,5.85,48012.0
1139,South Carolina,Dorchester,2015,5.416666666666666,55595.0
1140,Washington,King,2015,4.125,81816.0
1141,Washington,Pierce,2015,6.216666666666667,60168.0
1142,Washington,Snohomish,2015,4.516666666666667,76053.0
1143,Washington,Spokane,2015,6.316666666666666,48676.0
1144,Washington,Clark,2015,6.2333333333333325,64282.0
1145,Washington,Thurston,2015,5.783333333333333,62299.0
1146,Washington,Kitsap,2015,5.383333333333333,65814.0
1147,Washington,Yakima,2015,7.9,46891.0
1148,Washington,Whatcom,2015,5.766666666666667,55073.0
1149,Washington,Benton,2015,6.491666666666666,62698.0
1150,Washington,Skagit,2015,6.55,56891.0
1151,Washington,Cowlitz,2015,7.4833333333333325,50502.0
1152,Colorado,Denver,2016,2.9916666666666667,61038.0
1153,Colorado,El Paso,2016,3.591666666666667,63610.0
1154,Colorado,Arapahoe,2016,3.0,70866.0
1155,Colorado,Jefferson,2016,2.825,74342.0
1156,Colorado,Adams,2016,3.425,65442.0
1157,Colorado,Larimer,2016,2.691666666666667,66561.0
1158,Colorado,Douglas,2016,6.166666666666666,112399.0
1159,Colorado,Boulder,2016,2.55,74772.0
1160,Colorado,Weid,2016,3.2583333333333333,63609.0
1161,Colorado,Pueblo,2016,4.575,44644.0
1162,Colorado,Mesa,2016,5.1,49825.0
1163,Colorado,Broomfield,2016,2.775,86870.0
1164,Idaho,Ada,2016,3.208333333333333,61571.0
1165,Idaho,Canyon,2016,4.2,48461.0
1166,Idaho,Kootenai,2016,4.491666666666666,59293.0
1167,Idaho,Bonneville,2016,3.1,48453.0
1168,Idaho,Bannock,2016,3.45,49415.0
1169,Idaho,Twin Falls,2016,3.291666666666667,51586.0
1170,Idaho,Bingham,2016,3.4,48097.0
1171,Idaho,Bonner,2016,5.25,50030.0
1172,Idaho,Nez Perce,2016,3.166666666666667,43767.0
1173,Idaho,Latah,2016,3.091666666666667,41199.0
1174,Idaho,Madison,2016,2.341666666666667,61156.0
1175,Idaho,Jefferson,2016,3.0,45003.0
1176,Kansas,Johnson,2016,3.2583333333333333,80872.0
1177,Kansas,Sedgwick,2016,5.525,52612.0
1178,Kansas,Shawnee,2016,4.6,55387.0
1179,Kansas,Wyandotte,2016,3.9916666666666663,43396.0
1180,Kansas,Douglas,2016,3.533333333333333,55446.0
1181,Kansas,Leavenworth,2016,4.291666666666666,67558.0
1182,Kansas,Riley,2016,3.4,49901.0
1183,Kansas,Butler,2016,4.2,60836.0
1184,Kansas,Reno,2016,4.391666666666667,46208.0
1185,Kansas,Saline,2016,3.7083333333333326,48748.0
1186,Kansas,Crawford,2016,4.8,39521.0
1187,Kansas,Finney,2016,3.091666666666667,51812.0
1188,Oregon,Multnomah,2016,4.15,62292.0
1189,Oregon,Washington,2016,4.041666666666666,75577.0
1190,Oregon,Clackamas,2016,4.283333333333333,74460.0
1191,Oregon,Lane,2016,5.008333333333333,47933.0
1192,Oregon,Marion,2016,4.975,55954.0
1193,Oregon,Jackson,2016,5.65,48538.0
1194,Oregon,Deschutes,2016,4.775,61248.0
1195,Oregon,Linn,2016,5.6,50876.0
1196,Oregon,Douglas,2016,6.166666666666666,43202.0
1197,Oregon,Yamhill,2016,4.5,60643.0
1198,Oregon,Benton,2016,3.875,56167.0
1199,Oregon,Josephine,2016,6.3583333333333325,38921.0
1200,South Carolina,Greenville,2016,4.158333333333333,55452.0
1201,South Carolina,Richland,2016,4.708333333333333,51973.0
1202,South Carolina,Charleston,2016,3.975,56564.0
1203,South Carolina,Horry,2016,5.7333333333333325,45608.0
1204,South Carolina,Spartanburg,2016,4.625,47706.0
1205,South Carolina,Lexington,2016,4.0,57623.0
1206,South Carolina,York,2016,4.516666666666667,61044.0
1207,South Carolina,Berkeley,2016,4.475,58690.0
1208,South Carolina,Anderson,2016,4.491666666666666,45821.0
1209,South Carolina,Beaufort,2016,4.658333333333333,65354.0
1210,South Carolina,Aiken,2016,4.875,47394.0
1211,South Carolina,Dorchester,2016,4.475,58167.0
1212,Washington,King,2016,3.8,85907.0
1213,Washington,Pierce,2016,5.95,64312.0
1214,Washington,Snohomish,2016,4.2,78582.0
1215,Washington,Spokane,2016,5.975,52933.0
1216,Washington,Clark,2016,6.0,68937.0
1217,Washington,Thurston,2016,5.566666666666666,65684.0
1218,Washington,Kitsap,2016,5.491666666666666,68706.0
1219,Washington,Yakima,2016,7.5,48232.0
1220,Washington,Whatcom,2016,5.75,56636.0
1221,Washington,Benton,2016,6.216666666666667,63474.0
1222,Washington,Skagit,2016,6.433333333333333,60442.0
1223,Washington,Cowlitz,2016,7.058333333333333,51772.0
1224,Colorado,Denver,2017,2.558333333333333,64974.0
1225,Colorado,El Paso,2017,3.041666666666667,65260.0
1226,Colorado,Arapahoe,2017,2.6,75196.0
1227,Colorado,Jefferson,2017,2.433333333333333,80562.0
1228,Colorado,Adams,2017,2.833333333333333,65977.0
1229,Colorado,Larimer,2017,2.2583333333333333,69443.0
1230,Colorado,Douglas,2017,5.25,112386.0
1231,Colorado,Boulder,2017,2.2416666666666667,80701.0
1232,Colorado,Weid,2017,2.4916666666666667,68679.0
1233,Colorado,Pueblo,2017,3.9916666666666663,44060.0
1234,Colorado,Mesa,2017,3.6833333333333327,52623.0
1235,Colorado,Broomfield,2017,2.425,91968.0
1236,Idaho,Ada,2017,2.783333333333333,61469.0
1237,Idaho,Canyon,2017,3.6,47915.0
1238,Idaho,Kootenai,2017,3.8333333333333326,55744.0
1239,Idaho,Bonneville,2017,2.7,51093.0
1240,Idaho,Bannock,2017,3.0166666666666666,50909.0
1241,Idaho,Twin Falls,2017,2.9916666666666667,52697.0
1242,Idaho,Bingham,2017,2.975,47537.0
1243,Idaho,Bonner,2017,4.458333333333333,54729.0
1244,Idaho,Nez Perce,2017,2.816666666666667,49445.0
1245,Idaho,Latah,2017,2.6166666666666667,40666.0
1246,Idaho,Madison,2017,1.8583333333333332,59869.0
1247,Idaho,Jefferson,2017,2.5,45708.0
1248,Kansas,Johnson,2017,3.0,83516.0
1249,Kansas,Sedgwick,2017,5.191666666666666,54176.0
1250,Kansas,Shawnee,2017,4.2,56810.0
1251,Kansas,Wyandotte,2017,3.6583333333333328,46032.0
1252,Kansas,Douglas,2017,3.191666666666667,56007.0
1253,Kansas,Leavenworth,2017,3.8916666666666666,70740.0
1254,Kansas,Riley,2017,3.041666666666667,50212.0
1255,Kansas,Butler,2017,3.8,65561.0
1256,Kansas,Reno,2017,3.8416666666666663,48588.0
1257,Kansas,Saline,2017,3.183333333333333,50072.0
1258,Kansas,Crawford,2017,4.2,39461.0
1259,Kansas,Finney,2017,2.75,54534.0
1260,Oregon,Multnomah,2017,3.566666666666667,63587.0
1261,Oregon,Washington,2017,3.433333333333333,80845.0
1262,Oregon,Clackamas,2017,3.6833333333333327,79404.0
1263,Oregon,Lane,2017,4.375,50711.0
1264,Oregon,Marion,2017,4.275,56148.0
1265,Oregon,Jackson,2017,4.658333333333333,51364.0
1266,Oregon,Deschutes,2017,4.191666666666666,65506.0
1267,Oregon,Linn,2017,4.666666666666666,51888.0
1268,Oregon,Douglas,2017,5.25,47157.0
1269,Oregon,Yamhill,2017,3.7,62759.0
1270,Oregon,Benton,2017,3.175,60572.0
1271,Oregon,Josephine,2017,5.275,43492.0
1272,South Carolina,Greenville,2017,3.6,56311.0
1273,South Carolina,Richland,2017,4.183333333333333,52187.0
1274,South Carolina,Charleston,2017,3.433333333333333,60144.0
1275,South Carolina,Horry,2017,4.958333333333333,45979.0
1276,South Carolina,Spartanburg,2017,3.95,51035.0
1277,South Carolina,Lexington,2017,3.5,60329.0
1278,South Carolina,York,2017,3.925,62620.0
1279,South Carolina,Berkeley,2017,3.7416666666666663,57399.0
1280,South Carolina,Anderson,2017,3.85,48846.0
1281,South Carolina,Beaufort,2017,3.9916666666666663,60319.0
1282,South Carolina,Aiken,2017,4.041666666666666,51583.0
1283,South Carolina,Dorchester,2017,3.775,63269.0
1284,Washington,King,2017,3.525,89519.0
1285,Washington,Pierce,2017,5.275,69027.0
1286,Washington,Snohomish,2017,3.9333333333333327,82405.0
1287,Washington,Spokane,2017,5.291666666666666,53438.0
1288,Washington,Clark,2017,4.9833333333333325,74243.0
1289,Washington,Thurston,2017,4.891666666666667,71370.0
1290,Washington,Kitsap,2017,4.8,72795.0
1291,Washington,Yakima,2017,6.783333333333333,47573.0
1292,Washington,Whatcom,2017,4.925,61026.0
1293,Washington,Benton,2017,5.433333333333333,64717.0
1294,Washington,Skagit,2017,5.383333333333333,65505.0
1295,Washington,Cowlitz,2017,5.966666666666667,50617.0
1296,Colorado,Denver,2018,2.941666666666667,68069.0
1297,Colorado,El Paso,2018,3.6416666666666666,67923.0
1298,Colorado,Arapahoe,2018,3.0,76665.0
1299,Colorado,Jefferson,2018,2.791666666666667,85550.0
1300,Colorado,Adams,2018,3.208333333333333,70199.0
1301,Colorado,Larimer,2018,2.6166666666666667,71306.0
1302,Colorado,Douglas,2018,5.2,120670.0
1303,Colorado,Boulder,2018,2.6333333333333333,83591.0
1304,Colorado,Weid,2018,2.8,75629.0
1305,Colorado,Pueblo,2018,4.525,48308.0
1306,Colorado,Mesa,2018,3.7666666666666666,51132.0
1307,Colorado,Broomfield,2018,2.7,96924.0
1308,Idaho,Ada,2018,2.458333333333333,66827.0
1309,Idaho,Canyon,2018,3.1,53381.0
1310,Idaho,Kootenai,2018,3.441666666666667,60444.0
1311,Idaho,Bonneville,2018,2.4,51300.0
1312,Idaho,Bannock,2018,2.716666666666667,51594.0
1313,Idaho,Twin Falls,2018,2.675,50941.0
1314,Idaho,Bingham,2018,2.708333333333333,51373.0
1315,Idaho,Bonner,2018,4.041666666666666,54476.0
1316,Idaho,Nez Perce,2018,2.725,49538.0
1317,Idaho,Latah,2018,2.45,41827.0
1318,Idaho,Madison,2018,1.6916666666666669,61927.0
1319,Idaho,Jefferson,2018,2.2,49344.0
1320,Kansas,Johnson,2018,2.833333333333333,87087.0
1321,Kansas,Sedgwick,2018,4.775,56381.0
1322,Kansas,Shawnee,2018,3.7,53612.0
1323,Kansas,Wyandotte,2018,3.425,47084.0
1324,Kansas,Douglas,2018,3.025,57120.0
1325,Kansas,Leavenworth,2018,3.583333333333333,70807.0
1326,Kansas,Riley,2018,2.816666666666667,47057.0
1327,Kansas,Butler,2018,3.4,65953.0
1328,Kansas,Reno,2018,3.533333333333333,49341.0
1329,Kansas,Saline,2018,2.9916666666666667,53961.0
1330,Kansas,Crawford,2018,3.9,43852.0
1331,Kansas,Finney,2018,2.425,56206.0
1332,Oregon,Multnomah,2018,3.558333333333333,70756.0
1333,Oregon,Washington,2018,3.3666666666666667,82819.0
1334,Oregon,Clackamas,2018,3.633333333333333,81061.0
1335,Oregon,Lane,2018,4.341666666666667,53161.0
1336,Oregon,Marion,2018,4.166666666666666,56408.0
1337,Oregon,Jackson,2018,4.633333333333333,55511.0
1338,Oregon,Deschutes,2018,4.083333333333333,67372.0
1339,Oregon,Linn,2018,4.558333333333333,54292.0
1340,Oregon,Douglas,2018,5.2,47020.0
1341,Oregon,Yamhill,2018,3.6,61776.0
1342,Oregon,Benton,2018,3.091666666666667,63600.0
1343,Oregon,Josephine,2018,5.391666666666667,46578.0
1344,South Carolina,Greenville,2018,2.875,61162.0
1345,South Carolina,Richland,2018,3.4,52611.0
1346,South Carolina,Charleston,2018,2.75,62958.0
1347,South Carolina,Horry,2018,4.241666666666666,49082.0
1348,South Carolina,Spartanburg,2018,3.083333333333333,53567.0
1349,South Carolina,Lexington,2018,2.8,60627.0
1350,South Carolina,York,2018,3.208333333333333,64904.0
1351,South Carolina,Berkeley,2018,2.975,62204.0
1352,South Carolina,Anderson,2018,3.191666666666667,51740.0
1353,South Carolina,Beaufort,2018,3.166666666666667,65843.0
1354,South Carolina,Aiken,2018,3.3,52633.0
1355,South Carolina,Dorchester,2018,2.9833333333333334,65468.0
1356,Washington,King,2018,3.25,94822.0
1357,Washington,Pierce,2018,5.1,75022.0
1358,Washington,Snohomish,2018,3.55,87096.0
1359,Washington,Spokane,2018,5.158333333333333,59408.0
1360,Washington,Clark,2018,4.7333333333333325,73971.0
1361,Washington,Thurston,2018,4.7,72400.0
1362,Washington,Kitsap,2018,4.566666666666666,76530.0
1363,Washington,Yakima,2018,6.308333333333333,51377.0
1364,Washington,Whatcom,2018,4.683333333333333,62262.0
1365,Washington,Benton,2018,5.166666666666666,69212.0
1366,Washington,Skagit,2018,5.125,70955.0
1367,Washington,Cowlitz,2018,5.825,58624.0
1368,Colorado,Denver,2019,2.591666666666667,75456.0
1369,Colorado,El Paso,2019,3.15,72675.0
1370,Colorado,Arapahoe,2019,2.6,82364.0
1371,Colorado,Jefferson,2019,2.45,89696.0
1372,Colorado,Adams,2019,2.833333333333333,75341.0
1373,Colorado,Larimer,2019,2.3,75332.0
1374,Colorado,Douglas,2019,4.8,123697.0
1375,Colorado,Boulder,2019,2.275,88341.0
1376,Colorado,Weid,2019,2.5083333333333333,78160.0
1377,Colorado,Pueblo,2019,3.925,51075.0
1378,Colorado,Mesa,2019,3.316666666666667,60249.0
1379,Colorado,Broomfield,2019,2.375,106892.0
1380,Idaho,Ada,2019,2.4,72295.0
1381,Idaho,Canyon,2019,3.0,58670.0
1382,Idaho,Kootenai,2019,3.4,65165.0
1383,Idaho,Bonneville,2019,2.3,53306.0
1384,Idaho,Bannock,2019,2.683333333333333,56141.0
1385,Idaho,Twin Falls,2019,2.65,59959.0
1386,Idaho,Bingham,2019,2.525,56729.0
1387,Idaho,Bonner,2019,3.9583333333333326,67645.0
1388,Idaho,Nez Perce,2019,2.666666666666667,54999.0
1389,Idaho,Latah,2019,2.5166666666666666,46177.0
1390,Idaho,Madison,2019,1.7416666666666667,63078.0
1391,Idaho,Jefferson,2019,2.2,47796.0
1392,Kansas,Johnson,2019,2.7666666666666666,91913.0
1393,Kansas,Sedgwick,2019,4.333333333333333,60014.0
1394,Kansas,Shawnee,2019,3.5,59451.0
1395,Kansas,Wyandotte,2019,3.308333333333333,47292.0
1396,Kansas,Douglas,2019,2.95,62559.0
1397,Kansas,Leavenworth,2019,3.425,75840.0
1398,Kansas,Riley,2019,2.841666666666667,51996.0
1399,Kansas,Butler,2019,3.2,66199.0
1400,Kansas,Reno,2019,3.191666666666667,53371.0
1401,Kansas,Saline,2019,2.966666666666667,56741.0
1402,Kansas,Crawford,2019,3.8,42723.0
1403,Kansas,Finney,2019,2.316666666666667,57412.0
1404,Oregon,Multnomah,2019,3.2333333333333334,72469.0
1405,Oregon,Washington,2019,3.058333333333333,85665.0
1406,Oregon,Clackamas,2019,3.35,80539.0
1407,Oregon,Lane,2019,3.983333333333333,57212.0
1408,Oregon,Marion,2019,3.8666666666666663,64058.0
1409,Oregon,Jackson,2019,4.275,56367.0
1410,Oregon,Deschutes,2019,3.858333333333333,71880.0
1411,Oregon,Linn,2019,4.266666666666667,61084.0
1412,Oregon,Douglas,2019,4.8,48940.0
1413,Oregon,Yamhill,2019,3.4,71815.0
1414,Oregon,Benton,2019,2.975,69148.0
1415,Oregon,Josephine,2019,4.875,47533.0
1416,South Carolina,Greenville,2019,2.3666666666666667,64399.0
1417,South Carolina,Richland,2019,2.691666666666667,52905.0
1418,South Carolina,Charleston,2019,2.216666666666667,70980.0
1419,South Carolina,Horry,2019,3.541666666666667,53648.0
1420,South Carolina,Spartanburg,2019,2.458333333333333,55588.0
1421,South Carolina,Lexington,2019,2.3,62059.0
1422,South Carolina,York,2019,2.65,68468.0
1423,South Carolina,Berkeley,2019,2.458333333333333,68690.0
1424,South Carolina,Anderson,2019,2.6083333333333334,54496.0
1425,South Carolina,Beaufort,2019,2.583333333333333,73890.0
1426,South Carolina,Aiken,2019,2.791666666666667,56824.0
1427,South Carolina,Dorchester,2019,2.408333333333333,68051.0
1428,Washington,King,2019,2.591666666666667,102338.0
1429,Washington,Pierce,2019,5.116666666666666,78779.0
1430,Washington,Snohomish,2019,2.825,89119.0
1431,Washington,Spokane,2019,5.25,59976.0
1432,Washington,Clark,2019,4.683333333333333,80407.0
1433,Washington,Thurston,2019,4.816666666666666,77890.0
1434,Washington,Kitsap,2019,4.55,79268.0
1435,Washington,Yakima,2019,7.041666666666666,55674.0
1436,Washington,Whatcom,2019,4.966666666666667,68656.0
1437,Washington,Benton,2019,5.2333333333333325,72847.0
1438,Washington,Skagit,2019,5.391666666666667,67551.0
1439,Washington,Cowlitz,2019,5.941666666666666,57316.0
1440,Colorado,Denver,2020,8.233333333333333,
1441,Colorado,El Paso,2020,7.3,
1442,Colorado,Arapahoe,2020,7.9,
1443,Colorado,Jefferson,2020,7.1,
1444,Colorado,Adams,2020,8.05,
1445,Colorado,Larimer,2020,6.341666666666667,
1446,Colorado,Douglas,2020,7.716666666666666,
1447,Colorado,Boulder,2020,6.2,
1448,Colorado,Weid,2020,6.9833333333333325,
1449,Colorado,Pueblo,2020,8.166666666666666,
1450,Colorado,Mesa,2020,7.5,
1451,Colorado,Broomfield,2020,6.666666666666666,
1452,Idaho,Ada,2020,5.416666666666666,
1453,Idaho,Canyon,2020,5.9,
1454,Idaho,Kootenai,2020,6.9,
1455,Idaho,Bonneville,2020,4.0,
1456,Idaho,Bannock,2020,4.883333333333333,
1457,Idaho,Twin Falls,2020,5.258333333333333,
1458,Idaho,Bingham,2020,3.858333333333333,
1459,Idaho,Bonner,2020,7.558333333333333,
1460,Idaho,Nez Perce,2020,4.891666666666667,
1461,Idaho,Latah,2020,4.8,
1462,Idaho,Madison,2020,2.7333333333333334,
1463,Idaho,Jefferson,2020,3.4,
1464,Kansas,Johnson,2020,5.166666666666666,
1465,Kansas,Sedgwick,2020,7.75,
1466,Kansas,Shawnee,2020,8.7,
1467,Kansas,Wyandotte,2020,5.941666666666666,
1468,Kansas,Douglas,2020,6.091666666666667,
1469,Kansas,Leavenworth,2020,5.825,
1470,Kansas,Riley,2020,4.991666666666666,
1471,Kansas,Butler,2020,6.5,
1472,Kansas,Reno,2020,5.5,
1473,Kansas,Saline,2020,5.4833333333333325,
1474,Kansas,Crawford,2020,5.5,
1475,Kansas,Finney,2020,3.466666666666667,
1476,Oregon,Multnomah,2020,8.6,
1477,Oregon,Washington,2020,6.516666666666667,
1478,Oregon,Clackamas,2020,7.266666666666666,
1479,Oregon,Lane,2020,7.9416666666666655,
1480,Oregon,Marion,2020,6.925,
1481,Oregon,Jackson,2020,7.808333333333333,
1482,Oregon,Deschutes,2020,7.966666666666666,
1483,Oregon,Linn,2020,7.775,
1484,Oregon,Douglas,2020,7.716666666666666,
1485,Oregon,Yamhill,2020,6.8,
1486,Oregon,Benton,2020,5.683333333333333,
1487,Oregon,Josephine,2020,7.916666666666665,
1488,South Carolina,Greenville,2020,5.716666666666667,
1489,South Carolina,Richland,2020,5.833333333333333,
1490,South Carolina,Charleston,2020,6.316666666666666,
1491,South Carolina,Horry,2020,8.583333333333332,
1492,South Carolina,Spartanburg,2020,6.541666666666666,
1493,South Carolina,Lexington,2020,4.4,
1494,South Carolina,York,2020,6.075,
1495,South Carolina,Berkeley,2020,5.616666666666666,
1496,South Carolina,Anderson,2020,5.933333333333333,
1497,South Carolina,Beaufort,2020,5.416666666666666,
1498,South Carolina,Aiken,2020,5.008333333333333,
1499,South Carolina,Dorchester,2020,5.833333333333333,
1500,Washington,King,2020,7.55,
1501,Washington,Pierce,2020,9.6,
1502,Washington,Snohomish,2020,8.458333333333332,
1503,Washington,Spokane,2020,8.716666666666665,
1504,Washington,Clark,2020,8.55,
1505,Washington,Thurston,2020,8.266666666666666,
1506,Washington,Kitsap,2020,7.7,
1507,Washington,Yakima,2020,9.641666666666666,
1508,Washington,Whatcom,2020,9.341666666666665,
1509,Washington,Benton,2020,8.175,
1510,Washington,Skagit,2020,9.766666666666666,
1511,Washington,Cowlitz,2020,9.308333333333332,
